Datetime,Water Level (m)
2025-07-22 06:00:00,1.2363889
2025-07-22 07:00:00,1.0257968
2025-07-22 08:00:00,0.6881436
2025-07-22 09:00:00,0.43009284
2025-07-22 10:00:00,0.21755052
2025-07-22 11:00:00,0.048766468
2025-07-22 12:00:00,-0.082006544
2025-07-22 13:00:00,-0.13775824
2025-07-22 14:00:00,0.11876909
2025-07-22 15:00:00,0.5033906
2025-07-22 16:00:00,0.8175709
2025-07-22 17:00:00,1.0332378
2025-07-22 18:00:00,1.0779314
2025-07-22 19:00:00,0.8790788
2025-07-22 20:00:00,0.583249
2025-07-22 21:00:00,0.33654657
2025-07-22 22:00:00,0.13052943
2025-07-22 23:00:00,-0.044574965
2025-07-23 00:00:00,-0.18338975
2025-07-23 01:00:00,-0.25188747
2025-07-23 02:00:00,0.061288558
2025-07-23 03:00:00,0.50585586
2025-07-23 04:00:00,0.9134895
2025-07-23 05:00:00,1.2582431
2025-07-23 06:00:00,1.4492517
2025-07-23 07:00:00,1.4589393
2025-07-23 08:00:00,1.1817722
2025-07-23 09:00:00,0.8415355
2025-07-23 10:00:00,0.5737978
2025-07-23 11:00:00,0.34586605
2025-07-23 12:00:00,0.1666916
2025-07-23 13:00:00,0.016530547
2025-07-23 14:00:00,-0.06421747
2025-07-23 15:00:00,0.25230548
2025-07-23 16:00:00,0.6819417
2025-07-23 17:00:00,1.0263615
2025-07-23 18:00:00,1.2568023
2025-07-23 19:00:00,1.2847929
2025-07-23 20:00:00,1.0435872
2025-07-23 21:00:00,0.73597366
2025-07-23 22:00:00,0.47688416
2025-07-23 23:00:00,0.2603876
2025-07-24 00:00:00,0.082900256
2025-07-24 01:00:00,-0.06601906
2025-07-24 02:00:00,-0.14743647
2025-07-24 03:00:00,0.18281929
2025-07-24 04:00:00,0.69385636
2025-07-24 05:00:00,1.1530353
2025-07-24 06:00:00,1.5093063
2025-07-24 07:00:00,1.6764811
2025-07-24 08:00:00,1.591557
2025-07-24 09:00:00,1.2309502
2025-07-24 10:00:00,0.90191776
2025-07-24 11:00:00,0.63028693
2025-07-24 12:00:00,0.40567696
2025-07-24 13:00:00,0.22725081
2025-07-24 14:00:00,0.080347456
2025-07-24 15:00:00,0.023981744
2025-07-24 16:00:00,0.4675121
2025-07-24 17:00:00,0.9190899
2025-07-24 18:00:00,1.2767488
2025-07-24 19:00:00,1.4907887
2025-07-24 20:00:00,1.4621266
2025-07-24 21:00:00,1.1354513
2025-07-24 22:00:00,0.82434565
2025-07-24 23:00:00,0.56918204
2025-07-25 00:00:00,0.35367963
2025-07-25 01:00:00,0.18173024
2025-07-25 02:00:00,0.034664534
2025-07-25 03:00:00,0.011898135
2025-07-25 04:00:00,0.5462074
2025-07-25 05:00:00,1.062146
2025-07-25 06:00:00,1.5283536
2025-07-25 07:00:00,1.8466334
2025-07-25 08:00:00,1.9735307
2025-07-25 09:00:00,1.8627203
2025-07-25 10:00:00,1.4829268
2025-07-25 11:00:00,1.1471357
2025-07-25 12:00:00,0.87233186
2025-07-25 13:00:00,0.65434074
2025-07-25 14:00:00,0.4694805
2025-07-25 15:00:00,0.3356864
2025-07-25 16:00:00,0.44363973
2025-07-25 17:00:00,1.0224303
2025-07-25 18:00:00,1.462933
2025-07-25 19:00:00,1.7893143
2025-07-25 20:00:00,1.9177291
2025-07-25 21:00:00,1.7591511
2025-07-25 22:00:00,1.3830571
2025-07-25 23:00:00,1.0658497
2025-07-26 00:00:00,0.80094475
2025-07-26 01:00:00,0.574729
2025-07-26 02:00:00,0.394944
2025-07-26 03:00:00,0.264302
2025-07-26 04:00:00,0.3605919
2025-07-26 05:00:00,0.9694133
2025-07-26 06:00:00,1.447461
2025-07-26 07:00:00,1.8382559
2025-07-26 08:00:00,2.0510159
2025-07-26 09:00:00,2.0118263
2025-07-26 10:00:00,1.6460197
2025-07-26 11:00:00,1.2930871
2025-07-26 12:00:00,0.981471
2025-07-26 13:00:00,0.72470933
2025-07-26 14:00:00,0.5086788
2025-07-26 15:00:00,0.32965782
2025-07-26 16:00:00,0.20466152
2025-07-26 17:00:00,0.40884933
2025-07-26 18:00:00,0.980454
2025-07-26 19:00:00,1.3705331
2025-07-26 20:00:00,1.6427747
2025-07-26 21:00:00,1.6864014
2025-07-26 22:00:00,1.4136844
2025-07-26 23:00:00,1.0834061
2025-07-27 00:00:00,0.80446595
2025-07-27 01:00:00,0.5666689
2025-07-27 02:00:00,0.3659323
2025-07-27 03:00:00,0.2006357
2025-07-27 04:00:00,0.08227372
2025-07-27 05:00:00,0.27521697
2025-07-27 06:00:00,0.8651025
2025-07-27 07:00:00,1.3171642
2025-07-27 08:00:00,1.6803485
2025-07-27 09:00:00,1.8380178
2025-07-27 10:00:00,1.7018358
2025-07-27 11:00:00,1.3274689
2025-07-27 12:00:00,1.0076723
2025-07-27 13:00:00,0.7365085
2025-07-27 14:00:00,0.51081157
2025-07-27 15:00:00,0.321322
2025-07-27 16:00:00,0.16546917
2025-07-27 17:00:00,0.08968322
2025-07-27 18:00:00,0.53019834
2025-07-27 19:00:00,1.00086
2025-07-27 20:00:00,1.353641
2025-07-27 21:00:00,1.560784
2025-07-27 22:00:00,1.4956704
2025-07-27 23:00:00,1.1733358
2025-07-28 00:00:00,0.875915
2025-07-28 01:00:00,0.62888414
2025-07-28 02:00:00,0.41667327
2025-07-28 03:00:00,0.23832686
2025-07-28 04:00:00,0.09068577
2025-07-28 05:00:00,0.026286671
2025-07-28 06:00:00,0.48720464
